ano,id_municipio,codigo_uf,sigla_uf,regiao,serie,rede_resultado,rede_meta,resultado_alfabetizacao_pct,media_portugues,meta_alfabetizacao_2024_pct,meta_alfabetizacao_2025_pct,meta_alfabetizacao_2026_pct,meta_alfabetizacao_2027_pct,meta_alfabetizacao_2028_pct,meta_alfabetizacao_2029_pct,meta_alfabetizacao_2030_pct,meta_ano_resultado_pct,diferenca_meta_ano_pp,diferenca_meta_2030_pp,status_meta_ano,status_meta_2030,faixa_prioridade_intervencao,nivel_alfabetizacao,percentual_participacao_pct,chave_gold_metas_vs_resultados_municipio,_ingestion_date,_execution_id
2023,1302900,13,AM,Norte,2,3,,53.17,7.310.744,,,,,,,,,,,SEM_META_ANUAL,ABAIXO_META_2030,MEDIA_PRIORIDADE,,,2023_1302900_2_3,2026-06-30,20260630T195542Z
2023,1600600,16,AP,Norte,2,3,,41.76,7.323.746,,,,,,,,,,,SEM_META_ANUAL,ABAIXO_META_2030,ALTA_PRIORIDADE,,,2023_1600600_2_3,2026-06-30,20260630T195542Z
2023,1700350,17,TO,Norte,2,3,,95.52,7.865.935,,,,,,,,,,,SEM_META_ANUAL,ABAIXO_META_2030,BAIXA_PRIORIDADE,,,2023_1700350_2_3,2026-06-30,20260630T195542Z
2023,2101301,21,MA,Nordeste,2,3,,67.67,7.573.005,,,,,,,,,,,SEM_META_ANUAL,ABAIXO_META_2030,MEDIA_PRIORIDADE,,,2023_2101301_2_3,2026-06-30,20260630T195542Z
2023,2106508,21,MA,Nordeste,2,3,,63.97,757.629,,,,,,,,,,,SEM_META_ANUAL,ABAIXO_META_2030,MEDIA_PRIORIDADE,,,2023_2106508_2_3,2026-06-30,20260630T195542Z
2023,2106904,21,MA,Nordeste,2,3,,51.98,7.508.178,,,,,,,,,,,SEM_META_ANUAL,ABAIXO_META_2030,MEDIA_PRIORIDADE,,,2023_2106904_2_3,2026-06-30,20260630T195542Z
2023,2109759,21,MA,Nordeste,2,3,,36.45,7.112.262,,,,,,,,,,,SEM_META_ANUAL,ABAIXO_META_2030,ALTA_PRIORIDADE,,,2023_2109759_2_3,2026-06-30,20260630T195542Z
2023,2205805,22,PI,Nordeste,2,3,,51.73,7.436.944,,,,,,,,,,,SEM_META_ANUAL,ABAIXO_META_2030,MEDIA_PRIORIDADE,,,2023_2205805_2_3,2026-06-30,20260630T195542Z
2023,2309706,23,CE,Nordeste,2,3,,76.03,7.788.539,,,,,,,,,,,SEM_META_ANUAL,ABAIXO_META_2030,BAIXA_PRIORIDADE,,,2023_2309706_2_3,2026-06-30,20260630T195542Z
2023,2403608,24,RN,Nordeste,2,3,,48.0,7.344.663,,,,,,,,,,,SEM_META_ANUAL,ABAIXO_META_2030,ALTA_PRIORIDADE,,,2023_2403608_2_3,2026-06-30,20260630T195542Z
2023,2606200,26,PE,Nordeste,2,3,,53.14,7.390.293,,,,,,,,,,,SEM_META_ANUAL,ABAIXO_META_2030,MEDIA_PRIORIDADE,,,2023_2606200_2_3,2026-06-30,20260630T195542Z
2023,2708709,27,AL,Nordeste,2,3,,34.51,7.153.854,,,,,,,,,,,SEM_META_ANUAL,ABAIXO_META_2030,ALTA_PRIORIDADE,,,2023_2708709_2_3,2026-06-30,20260630T195542Z
2023,2903276,29,BA,Nordeste,2,3,,42.08,7.349.611,,,,,,,,,,,SEM_META_ANUAL,ABAIXO_META_2030,ALTA_PRIORIDADE,,,2023_2903276_2_3,2026-06-30,20260630T195542Z
2023,2910206,29,BA,Nordeste,2,3,,85.87,763.54,,,,,,,,,,,SEM_META_ANUAL,ABAIXO_META_2030,BAIXA_PRIORIDADE,,,2023_2910206_2_3,2026-06-30,20260630T195542Z
2023,2910727,29,BA,Nordeste,2,3,,34.62,7.193.496,,,,,,,,,,,SEM_META_ANUAL,ABAIXO_META_2030,ALTA_PRIORIDADE,,,2023_2910727_2_3,2026-06-30,20260630T195542Z
2023,3101003,31,MG,Sudeste,2,3,,42.77,7.377.778,,,,,,,,,,,SEM_META_ANUAL,ABAIXO_META_2030,ALTA_PRIORIDADE,,,2023_3101003_2_3,2026-06-30,20260630T195542Z
2023,3101102,31,MG,Sudeste,2,3,,48.78,7.393.567,,,,,,,,,,,SEM_META_ANUAL,ABAIXO_META_2030,ALTA_PRIORIDADE,,,2023_3101102_2_3,2026-06-30,20260630T195542Z
2023,3101300,31,MG,Sudeste,2,3,,67.0,7.569.583,,,,,,,,,,,SEM_META_ANUAL,ABAIXO_META_2030,MEDIA_PRIORIDADE,,,2023_3101300_2_3,2026-06-30,20260630T195542Z
2023,3126307,31,MG,Sudeste,2,3,,70.59,7.630.085,,,,,,,,,,,SEM_META_ANUAL,ABAIXO_META_2030,BAIXA_PRIORIDADE,,,2023_3126307_2_3,2026-06-30,20260630T195542Z
2023,3129004,31,MG,Sudeste,2,3,,44.72,7.399.595,,,,,,,,,,,SEM_META_ANUAL,ABAIXO_META_2030,ALTA_PRIORIDADE,,,2023_3129004_2_3,2026-06-30,20260630T195542Z
2023,3170305,31,MG,Sudeste,2,3,,63.7,7.533.195,,,,,,,,,,,SEM_META_ANUAL,ABAIXO_META_2030,MEDIA_PRIORIDADE,,,2023_3170305_2_3,2026-06-30,20260630T195542Z
2023,3200805,32,ES,Sudeste,2,3,,68.83,7.544.933,,,,,,,,,,,SEM_META_ANUAL,ABAIXO_META_2030,MEDIA_PRIORIDADE,,,2023_3200805_2_3,2026-06-30,20260630T195542Z
2023,3512605,35,SP,Sudeste,2,3,,46.28,7.372.619,,,,,,,,,,,SEM_META_ANUAL,ABAIXO_META_2030,ALTA_PRIORIDADE,,,2023_3512605_2_3,2026-06-30,20260630T195542Z
2023,3529401,35,SP,Sudeste,2,3,,45.74,7.336.155,,,,,,,,,,,SEM_META_ANUAL,ABAIXO_META_2030,ALTA_PRIORIDADE,,,2023_3529401_2_3,2026-06-30,20260630T195542Z
2023,3532207,35,SP,Sudeste,2,3,,53.17,7.431.515,,,,,,,,,,,SEM_META_ANUAL,ABAIXO_META_2030,MEDIA_PRIORIDADE,,,2023_3532207_2_3,2026-06-30,20260630T195542Z
2023,4208401,42,SC,Sul,2,3,,71.58,7.536.581,,,,,,,,,,,SEM_META_ANUAL,ABAIXO_META_2030,BAIXA_PRIORIDADE,,,2023_4208401_2_3,2026-06-30,20260630T195542Z
2023,4306734,43,RS,Sul,2,3,,76.88,7.679.819,,,,,,,,,,,SEM_META_ANUAL,ABAIXO_META_2030,BAIXA_PRIORIDADE,,,2023_4306734_2_3,2026-06-30,20260630T195542Z
2023,4313011,43,RS,Sul,2,3,,90.91,7.775.067,,,,,,,,,,,SEM_META_ANUAL,ABAIXO_META_2030,BAIXA_PRIORIDADE,,,2023_4313011_2_3,2026-06-30,20260630T195542Z
2023,4314076,43,RS,Sul,2,3,,88.54,7.775.594,,,,,,,,,,,SEM_META_ANUAL,ABAIXO_META_2030,BAIXA_PRIORIDADE,,,2023_4314076_2_3,2026-06-30,20260630T195542Z
2023,4320263,43,RS,Sul,2,3,,75.0,7.581.678,,,,,,,,,,,SEM_META_ANUAL,ABAIXO_META_2030,BAIXA_PRIORIDADE,,,2023_4320263_2_3,2026-06-30,20260630T195542Z
2023,4323200,43,RS,Sul,2,3,,88.92,7.718.751,,,,,,,,,,,SEM_META_ANUAL,ABAIXO_META_2030,BAIXA_PRIORIDADE,,,2023_4323200_2_3,2026-06-30,20260630T195542Z
2023,5000609,50,MS,Centro-Oeste,2,3,,42.01,7.323.475,,,,,,,,,,,SEM_META_ANUAL,ABAIXO_META_2030,ALTA_PRIORIDADE,,,2023_5000609_2_3,2026-06-30,20260630T195542Z
2023,5204706,52,GO,Centro-Oeste,2,3,,73.78,7.564.362,,,,,,,,,,,SEM_META_ANUAL,ABAIXO_META_2030,BAIXA_PRIORIDADE,,,2023_5204706_2_3,2026-06-30,20260630T195542Z
2023,1101492,11,RO,Norte,2,3,,65.79,7.571.689,,,,,,,,,,,SEM_META_ANUAL,ABAIXO_META_2030,MEDIA_PRIORIDADE,,,2023_1101492_2_3,2026-06-30,20260630T195542Z
2023,1302108,13,AM,Norte,2,3,,77.3,7.641.354,,,,,,,,,,,SEM_META_ANUAL,ABAIXO_META_2030,BAIXA_PRIORIDADE,,,2023_1302108_2_3,2026-06-30,20260630T195542Z
2023,1501758,15,PA,Norte,2,3,,61.58,7.515.456,,,,,,,,,,,SEM_META_ANUAL,ABAIXO_META_2030,MEDIA_PRIORIDADE,,,2023_1501758_2_3,2026-06-30,20260630T195542Z
2023,2102556,21,MA,Nordeste,2,3,,64.72,7.576.242,,,,,,,,,,,SEM_META_ANUAL,ABAIXO_META_2030,MEDIA_PRIORIDADE,,,2023_2102556_2_3,2026-06-30,20260630T195542Z
2023,2300903,23,CE,Nordeste,2,3,,80.8,7.838.755,,,,,,,,,,,SEM_META_ANUAL,ABAIXO_META_2030,BAIXA_PRIORIDADE,,,2023_2300903_2_3,2026-06-30,20260630T195542Z
2023,1503705,15,PA,Norte,2,3,,42.67,7.245.942,,,,,,,,,,,SEM_META_ANUAL,ABAIXO_META_2030,ALTA_PRIORIDADE,,,2023_1503705_2_3,2026-06-30,20260630T195542Z
2023,1600105,16,AP,Norte,2,3,Municipal,31.2,7.226.519,38.23,45.79,53.55,61.14,68.23,74.56,80.0,,,-48.8,SEM_META_ANUAL,ABAIXO_META_2030,ALTA_PRIORIDADE,0,93.62,2023_1600105_2_3,2026-06-30,20260630T195542Z