ano,sigla_uf,regiao,serie,rede_resultado,rede_meta,resultado_alfabetizacao_uf_pct,resultado_alfabetizacao_uf_ano_anterior_pct,variacao_alfabetizacao_uf_pp,taxa_alfabetizacao_brasil_pct,diferenca_brasil_pp,meta_ano_resultado_uf_pct,diferenca_meta_ano_pp,meta_alfabetizacao_2030_pct,diferenca_meta_2030_pp,status_meta_ano,status_meta_2030,ranking_uf_no_ano,percentual_participacao_uf_pct,percentual_participacao_brasil_pct,flag_possui_distribuicao_niveis,flag_registro_com_indicadores,chave_gold_evolucao_alfabetizacao_uf,_ingestion_date,_execution_id
2023,BA,Nordeste,2,5,Pública,36.78,,,55.9,-19.12,,,80.0,-43.22,SEM_META_ANUAL,ABAIXO_META_2030,23,84.53,86.0,FALSE,TRUE,2023_BA_5,2026-06-30,20260630T195542Z
2024,BA,Nordeste,2,5,Pública,35.96,36.78,-0.82,59.2,-23.24,43.4,-7.44,80.0,-44.04,ABAIXO_META_ANUAL,ABAIXO_META_2030,25,90.04,87.37,TRUE,TRUE,2024_BA_5,2026-06-30,20260630T195542Z
2023,CE,Nordeste,2,5,Pública,84.46,,,55.9,28.56,,,80.0,4.46,SEM_META_ANUAL,ATINGIU_META_2030,1,95.22,86.0,FALSE,TRUE,2023_CE_5,2026-06-30,20260630T195542Z
2024,CE,Nordeste,2,5,Pública,85.31,84.46,0.85,59.2,26.11,80.0,5.31,80.0,5.31,ATINGIU_META_ANUAL,ATINGIU_META_2030,1,98.13,87.37,TRUE,TRUE,2024_CE_5,2026-06-30,20260630T195542Z
2023,MA,Nordeste,2,5,Pública,56.43,,,55.9,0.53,,,80.0,-23.57,SEM_META_ANUAL,ABAIXO_META_2030,10,89.11,86.0,FALSE,TRUE,2023_MA_5,2026-06-30,20260630T195542Z
2024,MA,Nordeste,2,5,Pública,59.64,56.43,3.21,59.2,0.44,60.3,-0.66,80.0,-20.36,ABAIXO_META_ANUAL,ABAIXO_META_2030,11,90.89,87.37,TRUE,TRUE,2024_MA_5,2026-06-30,20260630T195542Z
2023,MT,Centro-Oeste,2,5,Pública,55.03,,,55.9,-0.87,,,80.0,-24.97,SEM_META_ANUAL,ABAIXO_META_2030,11,87.47,86.0,FALSE,TRUE,2023_MT_5,2026-06-30,20260630T195542Z
2023,PA,Norte,2,5,Pública,48.38,,,55.9,-7.52,,,80.0,-31.62,SEM_META_ANUAL,ABAIXO_META_2030,17,80.55,86.0,FALSE,TRUE,2023_PA_5,2026-06-30,20260630T195542Z
2024,PA,Norte,2,5,Pública,48.2,48.38,-0.18,59.2,-11.0,53.6,-5.4,80.0,-31.8,ABAIXO_META_ANUAL,ABAIXO_META_2030,20,83.21,87.37,TRUE,TRUE,2024_PA_5,2026-06-30,20260630T195542Z
2023,PI,Nordeste,2,5,Pública,52.48,,,55.9,-3.42,,,80.0,-27.52,SEM_META_ANUAL,ABAIXO_META_2030,12,93.37,86.0,FALSE,TRUE,2023_PI_5,2026-06-30,20260630T195542Z
2024,PI,Nordeste,2,5,Pública,59.82,52.48,7.34,59.2,0.62,57.0,2.82,80.0,-20.18,ATINGIU_META_ANUAL,ABAIXO_META_2030,10,95.09,87.37,TRUE,TRUE,2024_PI_5,2026-06-30,20260630T195542Z
2023,SC,Sul,2,5,Pública,61.38,,,55.9,5.48,,,80.0,-18.62,SEM_META_ANUAL,ABAIXO_META_2030,7,78.6,86.0,FALSE,TRUE,2023_SC_5,2026-06-30,20260630T195542Z
2024,SC,Sul,2,5,Pública,62.02,61.38,0.64,59.2,2.82,64.5,-2.48,80.0,-17.98,ABAIXO_META_ANUAL,ABAIXO_META_2030,7,70.05,87.37,TRUE,TRUE,2024_SC_5,2026-06-30,20260630T195542Z
2023,AM,Norte,2,5,Pública,52.2,,,55.9,-3.7,,,80.0,-27.8,SEM_META_ANUAL,ABAIXO_META_2030,13,76.14,86.0,FALSE,TRUE,2023_AM_5,2026-06-30,20260630T195542Z
2024,AM,Norte,2,5,Pública,49.17,52.2,-3.03,59.2,-10.03,56.8,-7.63,80.0,-30.83,ABAIXO_META_ANUAL,ABAIXO_META_2030,18,79.49,87.37,TRUE,TRUE,2024_AM_5,2026-06-30,20260630T195542Z
2023,GO,Centro-Oeste,2,5,Pública,66.74,,,55.9,10.84,,,80.0,-13.26,SEM_META_ANUAL,ABAIXO_META_2030,4,87.03,86.0,FALSE,TRUE,2023_GO_5,2026-06-30,20260630T195542Z
2023,PE,Nordeste,2,5,Pública,58.95,,,55.9,03.05,,,80.0,-21.05,SEM_META_ANUAL,ABAIXO_META_2030,9,91.93,86.0,FALSE,TRUE,2023_PE_5,2026-06-30,20260630T195542Z
2024,PE,Nordeste,2,5,Pública,60.79,58.95,1.84,59.2,1.59,62.4,-1.61,80.0,-19.21,ABAIXO_META_ANUAL,ABAIXO_META_2030,8,94.75,87.37,TRUE,TRUE,2024_PE_5,2026-06-30,20260630T195542Z
2023,RJ,Sudeste,2,5,Pública,52.13,,,55.9,-3.77,,,80.0,-27.87,SEM_META_ANUAL,ABAIXO_META_2030,14,81.21,86.0,FALSE,TRUE,2023_RJ_5,2026-06-30,20260630T195542Z
2024,RJ,Sudeste,2,5,Pública,55.25,52.13,3.12,59.2,-3.95,56.7,-1.45,80.0,-24.75,ABAIXO_META_ANUAL,ABAIXO_META_2030,15,83.12,87.37,TRUE,TRUE,2024_RJ_5,2026-06-30,20260630T195542Z
2023,RO,Norte,2,5,Pública,64.6,,,55.9,8.7,,,80.0,-15.4,SEM_META_ANUAL,ABAIXO_META_2030,5,88.1,86.0,FALSE,TRUE,2023_RO_5,2026-06-30,20260630T195542Z
2024,RO,Norte,2,5,Pública,62.62,64.6,-1.98,59.2,3.42,67.1,-4.48,80.0,-17.38,ABAIXO_META_ANUAL,ABAIXO_META_2030,6,88.33,87.37,TRUE,TRUE,2024_RO_5,2026-06-30,20260630T195542Z
2023,RS,Sul,2,5,Pública,63.43,,,55.9,7.53,,,80.0,-16.57,SEM_META_ANUAL,ABAIXO_META_2030,6,81.44,86.0,FALSE,TRUE,2023_RS_5,2026-06-30,20260630T195542Z
2024,RS,Sul,2,5,Pública,44.67,63.43,-18.76,59.2,-14.53,66.2,-21.53,80.0,-35.33,ABAIXO_META_ANUAL,ABAIXO_META_2030,22,82.86,87.37,TRUE,TRUE,2024_RS_5,2026-06-30,20260630T195542Z
2023,SP,Sudeste,2,5,Pública,51.91,,,55.9,-3.99,,,80.0,-28.09,SEM_META_ANUAL,ABAIXO_META_2030,15,88.75,86.0,FALSE,TRUE,2023_SP_5,2026-06-30,20260630T195542Z
2024,SP,Sudeste,2,5,Pública,58.13,51.91,6.22,59.2,-1.07,56.6,1.53,80.0,-21.87,ATINGIU_META_ANUAL,ABAIXO_META_2030,12,89.12,87.37,TRUE,TRUE,2024_SP_5,2026-06-30,20260630T195542Z
2023,AL,Nordeste,2,5,Pública,43.88,,,55.9,-12.02,,,80.0,-36.12,SEM_META_ANUAL,ABAIXO_META_2030,19,92.36,86.0,FALSE,TRUE,2023_AL_5,2026-06-30,20260630T195542Z
2024,AL,Nordeste,2,5,Pública,48.63,43.88,4.75,59.2,-10.57,49.7,-1.07,80.0,-31.37,ABAIXO_META_ANUAL,ABAIXO_META_2030,19,93.78,87.37,TRUE,TRUE,2024_AL_5,2026-06-30,20260630T195542Z
2023,AP,Norte,2,5,Pública,41.56,,,55.9,-14.34,,,80.0,-38.44,SEM_META_ANUAL,ABAIXO_META_2030,21,89.68,86.0,FALSE,TRUE,2023_AP_5,2026-06-30,20260630T195542Z
2024,AP,Norte,2,5,Pública,46.62,41.56,05.06,59.2,-12.58,47.6,-0.98,80.0,-33.38,ABAIXO_META_ANUAL,ABAIXO_META_2030,21,89.14,87.37,TRUE,TRUE,2024_AP_5,2026-06-30,20260630T195542Z
2023,MG,Sudeste,2,5,Pública,59.81,,,55.9,3.91,,,80.0,-20.19,SEM_META_ANUAL,ABAIXO_META_2030,8,89.59,86.0,FALSE,TRUE,2023_MG_5,2026-06-30,20260630T195542Z
2024,MG,Sudeste,2,5,Pública,72.07,59.81,12.26,59.2,12.87,63.2,8.87,80.0,-7.93,ATINGIU_META_ANUAL,ABAIXO_META_2030,3,88.85,87.37,TRUE,TRUE,2024_MG_5,2026-06-30,20260630T195542Z
2024,MT,Centro-Oeste,2,5,Pública,60.59,55.03,5.56,59.2,1.39,59.2,1.39,80.0,-19.41,ATINGIU_META_ANUAL,ABAIXO_META_2030,9,88.46,87.37,TRUE,TRUE,2024_MT_5,2026-06-30,20260630T195542Z
2023,RN,Nordeste,2,5,Pública,37.24,,,55.9,-18.66,,,80.0,-42.76,SEM_META_ANUAL,ABAIXO_META_2030,22,78.55,86.0,FALSE,TRUE,2023_RN_5,2026-06-30,20260630T195542Z
2024,RN,Nordeste,2,5,Pública,39.29,37.24,02.05,59.2,-19.91,43.8,-4.51,80.0,-40.71,ABAIXO_META_ANUAL,ABAIXO_META_2030,23,77.72,87.37,TRUE,TRUE,2024_RN_5,2026-06-30,20260630T195542Z
2023,TO,Norte,2,5,Pública,43.72,,,55.9,-12.18,,,80.0,-36.28,SEM_META_ANUAL,ABAIXO_META_2030,20,83.91,86.0,FALSE,TRUE,2023_TO_5,2026-06-30,20260630T195542Z
2024,TO,Norte,2,5,Pública,50.07,43.72,6.35,59.2,-9.13,49.5,0.57,80.0,-29.93,ATINGIU_META_ANUAL,ABAIXO_META_2030,17,85.15,87.37,TRUE,TRUE,2024_TO_5,2026-06-30,20260630T195542Z
2024,AC,Norte,2,5,Pública,51.38,,,59.2,-7.82,,,80.0,-28.62,SEM_META_ANUAL,ABAIXO_META_2030,16,80.87,87.37,TRUE,TRUE,2024_AC_5,2026-06-30,20260630T195542Z
2023,ES,Sudeste,2,5,Pública,67.93,,,55.9,12.03,,,80.0,-12.07,SEM_META_ANUAL,ABAIXO_META_2030,3,88.4,86.0,FALSE,TRUE,2023_ES_5,2026-06-30,20260630T195542Z
2024,ES,Sudeste,2,5,Pública,71.69,67.93,3.76,59.2,12.49,69.9,1.79,80.0,-8.31,ATINGIU_META_ANUAL,ABAIXO_META_2030,4,89.94,87.37,TRUE,TRUE,2024_ES_5,2026-06-30,20260630T195542Z